{
	"pages": [ //pages数组中第一项表示应用启动页，参考：https://uniapp.dcloud.io/collocation/pages
		{
			"path": "pages/index/index",
			"style": {
				"navigationBarTitleText": "首页"
			}
		},
		{
			"path": "pages/report/report",
			"style": {
				"navigationBarTitleText": "设备报修"
			}
		},
		{
			"path": "pages/my/my",
			"style": {
				"navigationBarTitleText": "个人中心"
			}
		}
	    ,{
            "path" : "pages/detail/detail",
            "style" :                                                                                    
            {
                "navigationBarTitleText": "报修详情",
                "enablePullDownRefresh": false
            }
            
        }
        ,{
            "path" : "pages/myreport/myreport",
            "style" :                                                                                    
            {
                "navigationBarTitleText": "我的报修",
                "enablePullDownRefresh": false
            }
            
        }
        
    ],
	"globalStyle": {
		"navigationBarTextStyle": "white",
		"navigationBarTitleText": "易修小程序",
		"navigationBarBackgroundColor": "#0066FF",
		"backgroundColor": "#F8F8F8"
	},
	"uniIdRouter": {},
	"tabBar": {
		"color":"#4D4D4D", 
		"selectedColor":"#13227a", 
		"backgroundColor":"#FFFFFF", 
		"borderStyle":"black", 
		"position":"bottom", 
		"list": [ 
			{ 
				"text": "首页", 
				"pagePath": "pages/index/index", 
				"iconPath": "static/tabbar/icon/index.png", 
				"selectedIconPath": "static/tabbar/icon/_index.png" 
			},
			{ 
				"text": "设备报修", 
				"pagePath": "pages/report/report", 
				"iconPath": "static/tabbar/icon/report.png", 
				"selectedIconPath": "static/tabbar/icon/_report.png" 
			},
			{ 
				"text": "个人中心", 
				"pagePath": "pages/my/my", 
				"iconPath": "static/tabbar/icon/my.png",
				"selectedIconPath": "static/tabbar/icon/_my.png" 
			}
		] 
	}
}
